time,Temp,Avg_Chloro,Akashiwo_sanguinea,Alexandrium_spp,Dinophysis_spp,Lingulodinium_polyedra,Pseudo_nitzschia_delicatissima_group,Pseudo_nitzschia_seriata_group,Total_Phytoplankton
UTC,degree_C,mg/m3,cells/L,cells/L,cells/L,cells/L,cells/L,cells/L,cells/L
2020-07-28T19:41:00Z,16.0,NaN,7994.0,0.0,283.0,0.0,8.0,6.0,10690.0
2020-08-25T19:36:00Z,13.6,NaN,194.0,0.0,18.0,0.0,40.0,225.0,8201.0
2020-09-03T20:57:00Z,14.4,NaN,48.0,0.0,74.0,0.0,11.0,39.0,1381.0
2020-10-16T18:39:00Z,12.5,NaN,8.0,51.0,80.0,0.0,2.0,40.0,2437.0
2020-11-12T23:16:00Z,11.8,NaN,0.0,0.0,0.0,0.0,27.0,9.0,404.0
2021-01-04T19:30:00Z,11.4,NaN,0.0,0.0,39.0,0.0,11.0,129.0,2643.0
2021-01-11T19:00:00Z,11.1,NaN,0.0,0.0,64.0,0.0,67.0,98.0,4090.0
2021-01-20T19:45:00Z,10.8,NaN,0.0,0.0,36.0,0.0,36.0,32.0,1335.0
2020-01-20T20:47:00Z,11.1,NaN,0.0,0.0,33.0,0.0,20.0,51.0,1454.0
2021-01-25T20:45:00Z,10.6,NaN,0.0,0.0,8.0,0.0,11.0,55.0,1432.0
2021-02-01T19:10:00Z,11.2,NaN,0.0,0.0,12.0,0.0,36.0,54.0,956.0
2021-02-08T19:00:00Z,11.4,NaN,0.0,0.0,10.0,0.0,10.0,6.0,336.0
2021-02-15T18:30:00Z,11.1,NaN,0.0,0.0,0.0,0.0,38.0,63.0,1732.0
2021-02-18T20:25:00Z,10.9,NaN,0.0,0.0,0.0,0.0,13.0,19.0,641.0
2021-02-21T19:20:00Z,10.3,NaN,0.0,0.0,1.0,0.0,58.0,45.0,3851.0
2021-03-01T18:30:00Z,9.7,NaN,0.0,0.0,0.0,0.0,11.0,12.0,1199.0
2021-03-08T18:30:00Z,10.2,NaN,0.0,0.0,0.0,0.0,3076.0,9542.0,351990.0
2021-03-15T18:00:00Z,9.8,NaN,0.0,0.0,28.0,0.0,56.0,1182.0,27234.0
2021-03-17T21:10:00Z,10.0,NaN,0.0,0.0,0.0,0.0,20.0,203.0,4378.0
2021-03-22T18:00:00Z,9.9,NaN,0.0,0.0,0.0,0.0,20.0,78.0,6293.0
2021-03-29T18:00:00Z,9.9,NaN,0.0,0.0,0.0,0.0,40.0,28.0,2233.0
2021-04-05T17:30:00Z,10.7,NaN,0.0,0.0,0.0,0.0,40.0,112.0,17407.0
2021-04-12T17:20:00Z,9.2,NaN,0.0,0.0,0.0,0.0,0.0,0.0,1926.0
2021-04-19T17:45:00Z,9.9,NaN,0.0,0.0,0.0,0.0,169.0,156.0,18321.0
2021-04-26T19:15:00Z,10.8,NaN,0.0,0.0,0.0,0.0,0.0,0.0,3673.0
2021-04-28T19:05:00Z,10.4,NaN,0.0,0.0,0.0,0.0,470.0,388.0,128771.0
2021-05-03T17:40:00Z,10.5,NaN,0.0,0.0,0.0,0.0,13.0,0.0,2945.0
2021-05-10T17:45:00Z,10.3,NaN,0.0,0.0,0.0,0.0,0.0,0.0,1010.0
2021-05-13T17:57:00Z,11.0,NaN,0.0,0.0,0.0,0.0,143.0,16.0,6256.0
2021-05-17T20:00:00Z,11.6,NaN,0.0,0.0,0.0,0.0,0.0,0.0,775.0
2021-05-24T18:10:00Z,9.7,NaN,0.0,0.0,0.0,0.0,0.0,0.0,1203.0
2021-05-31T17:20:00Z,13.3,NaN,0.0,0.0,0.0,0.0,0.0,0.0,3800.0
2021-06-06T20:20:00Z,10.0,NaN,0.0,0.0,0.0,0.0,160.0,68.0,101473.0
2021-06-11T20:24:00Z,10.9,NaN,0.0,0.0,0.0,0.0,37.0,29.0,10503.0
2021-06-14T17:40:00Z,13.9,NaN,0.0,0.0,0.0,0.0,162.0,298.0,20634.0
2021-06-21T17:00:00Z,12.9,NaN,0.0,0.0,0.0,0.0,30.0,239.0,22038.0
2021-06-28T16:45:00Z,12.4,NaN,0.0,0.0,0.0,0.0,11.0,6.0,1856.0
2021-07-05T18:40:00Z,14.0,NaN,0.0,0.0,2.0,0.0,0.0,0.0,862.0
2021-07-12T19:00:00Z,11.0,NaN,0.0,0.0,11.0,0.0,0.0,5.0,2328.0
2021-07-18T17:30:00Z,11.9,NaN,0.0,0.0,43.0,0.0,49.0,7.0,1306.0
2021-07-26T16:45:00Z,13.2,NaN,0.0,0.0,47.0,0.0,32.0,8.0,2302.0
2021-07-28T19:15:00Z,14.3,NaN,43.0,31.0,61.0,25.0,31.0,0.0,3191.0
2021-08-02T16:20:00Z,16.0,NaN,0.0,0.0,57.0,0.0,16.0,8.0,2838.0
2021-08-06T17:30:00Z,11.8,NaN,0.0,0.0,40.0,0.0,13.0,13.0,1639.0
2021-08-09T16:20:00Z,14.3,NaN,0.0,0.0,38.0,0.0,27.0,5.0,1181.0
2021-08-16T17:00:00Z,12.3,NaN,0.0,0.0,48.0,0.0,18.0,26.0,2009.0
2021-08-19T18:20:00Z,13.6,NaN,12.0,7.0,32.0,0.0,7.0,0.0,887.0
2021-08-23T17:20:00Z,14.9,NaN,68.0,37.0,306.0,0.0,12.0,12.0,4123.0
2021-08-30T15:00:00Z,15.4,NaN,27.0,45.0,224.0,0.0,0.0,0.0,5766.0
2021-09-01T17:00:00Z,15.3,NaN,1837.0,127.0,290.0,0.0,0.0,0.0,16298.0
2021-09-06T17:15:00Z,15.4,NaN,52.0,12.0,133.0,0.0,260.0,203.0,6013.0
2021-09-13T17:00:00Z,12.4,NaN,19.0,0.0,35.0,0.0,0.0,0.0,2890.0
2021-09-17T18:28:00Z,14.4,NaN,45.0,45.0,22.0,0.0,22.0,71.0,3111.0
2021-09-20T17:15:00Z,14.0,NaN,12.0,9.0,12.0,0.0,33.0,98.0,2193.0
2021-09-27T17:20:00Z,15.0,NaN,91.0,27.0,47.0,0.0,0.0,0.0,3201.0
2021-10-04T17:50:00Z,13.0,NaN,25.0,0.0,21.0,0.0,0.0,44.0,1732.0
2021-10-11T17:20:00Z,12.5,NaN,93.0,25.0,46.0,0.0,8.0,85.0,1676.0
2021-10-15T18:38:00Z,12.0,NaN,18.0,0.0,39.0,0.0,15.0,259.0,2330.0
2021-10-18T17:00:00Z,12.1,NaN,63.0,0.0,45.0,0.0,9.0,178.0,2230.0
2021-10-26T16:00:00Z,13.6,NaN,198.0,102.0,123.0,0.0,12.0,12.0,4443.0
2021-11-02T20:40:00Z,14.7,NaN,17.0,17.0,250.0,0.0,3.0,17.0,2607.0
2021-11-08T18:20:00Z,13.1,NaN,0.0,0.0,9.0,0.0,0.0,7.0,717.0
2021-11-10T19:30:00Z,13.6,NaN,13.0,39.0,80.0,0.0,17.0,19.0,1927.0
2021-11-15T19:30:00Z,13.8,NaN,0.0,8.0,75.0,0.0,12.0,4.0,706.0
2021-11-22T18:20:00Z,13.2,NaN,3.0,0.0,7.0,0.0,9.0,13.0,529.0
2021-11-29T18:00:00Z,13.2,NaN,0.0,0.0,28.0,0.0,20.0,7.0,696.0
2021-12-06T18:00:00Z,12.8,NaN,11.0,3.0,11.0,0.0,7.0,19.0,659.0
2021-12-14T18:30:00Z,11.8,NaN,24.0,0.0,84.0,0.0,58.0,122.0,2643.0
2021-12-20T19:00:00Z,11.4,NaN,0.0,0.0,7.0,0.0,4.0,4.0,367.0
2021-12-27T20:00:00Z,11.8,NaN,0.0,0.0,19.0,0.0,0.0,0.0,1047.0
2021-12-28T18:36:00Z,11.5,NaN,0.0,0.0,1.0,0.0,2.0,0.0,80.0
2022-01-03T21:30:00Z,11.1,NaN,0.0,0.0,0.0,0.0,0.0,0.0,332.0
2022-01-10T19:30:00Z,11.6,NaN,0.0,0.0,0.0,0.0,0.0,0.0,1275.0
2022-01-18T21:20:00Z,11.8,NaN,0.0,0.0,7.0,0.0,0.0,0.0,299.0
2022-01-24T19:00:00Z,11.9,NaN,0.0,0.0,17.0,0.0,0.0,0.0,681.0
2022-01-31T21:00:00Z,12.2,NaN,0.0,0.0,1.0,0.0,0.0,0.0,462.0
2022-02-07T18:00:00Z,11.9,NaN,0.0,0.0,0.0,0.0,4.0,24.0,1301.0
2022-02-15T21:00:00Z,11.4,NaN,0.0,0.0,11.0,0.0,4.0,7.0,1215.0
2022-02-22T20:00:00Z,10.3,NaN,0.0,0.0,4.0,0.0,7.0,7.0,1478.0
2022-02-24T20:16:00Z,10.2,NaN,0.0,0.0,0.0,0.0,0.0,3.0,293.0
2022-02-28T19:20:00Z,10.7,NaN,0.0,0.0,0.0,0.0,93.0,163.0,12106.0
2022-03-07T19:00:00Z,10.3,NaN,0.0,0.0,0.0,0.0,28.0,42.0,2538.0
2022-03-11T19:58:00Z,10.3,NaN,0.0,0.0,0.0,0.0,8.0,25.0,1685.0
2022-03-14T19:20:00Z,10.5,NaN,0.0,0.0,0.0,0.0,52.0,45.0,1531.0
2022-03-28T17:50:00Z,10.8,NaN,0.0,0.0,0.0,0.0,6.0,12.0,1086.0
2022-04-04T17:30:00Z,9.8,NaN,0.0,0.0,0.0,0.0,217.0,245.0,61081.0
2022-04-11T18:00:00Z,9.3,NaN,0.0,0.0,0.0,0.0,5.0,0.0,1144.0
2022-04-18T17:10:00Z,10.4,NaN,0.0,0.0,0.0,0.0,7.0,0.0,1738.0
2022-04-25T18:00:00Z,9.9,NaN,0.0,0.0,0.0,0.0,116.0,384.0,22641.0
2022-05-06T18:00:00Z,10.3,NaN,0.0,0.0,0.0,0.0,0.0,0.0,2227.0
2022-05-10T17:30:00Z,10.4,NaN,0.0,0.0,0.0,0.0,0.0,6.0,2746.0
2022-05-16T17:00:00Z,9.1,NaN,0.0,0.0,0.0,0.0,0.0,0.0,1287.0
2022-05-23T19:00:00Z,9.1,NaN,0.0,0.0,0.0,0.0,3.0,0.0,482.0
2022-05-25T19:55:00Z,10.1,NaN,0.0,0.0,0.0,0.0,2.0,0.0,1470.0
2022-05-30T19:00:00Z,10.4,NaN,0.0,0.0,0.0,0.0,60.0,29.0,8890.0
2022-06-06T18:15:00Z,11.8,NaN,0.0,0.0,0.0,0.0,5.0,3.0,1426.0
2022-06-13T18:00:00Z,10.3,NaN,0.0,0.0,0.0,0.0,19.0,162.0,28289.0
2022-06-20T17:00:00Z,9.2,NaN,0.0,0.0,0.0,0.0,20.0,20.0,517696.0
2022-06-27T18:00:00Z,11.4,NaN,0.0,0.0,3.0,0.0,8.0,5.0,2120.0
2022-07-04T17:30:00Z,10.4,NaN,0.0,0.0,0.0,0.0,0.0,0.0,1005.0
2022-07-11T18:00:00Z,11.3,NaN,0.0,0.0,0.0,0.0,16.0,8.0,1002.0
2022-07-18T18:30:00Z,10.2,NaN,0.0,0.0,0.0,0.0,0.0,0.0,1106.0
2022-07-24T17:15:00Z,10.4,NaN,0.0,0.0,0.0,0.0,31.0,0.0,794.0
2022-07-26T18:51:00Z,11.8,NaN,0.0,0.0,0.0,0.0,62.0,5.0,780.0
2022-08-01T18:00:00Z,13.2,NaN,0.0,0.0,8.0,0.0,0.0,0.0,2898.0
2022-08-08T18:00:00Z,14.7,NaN,0.0,0.0,48.0,0.0,293.0,11.0,1410.0
2022-08-14T19:00:00Z,11.8,NaN,0.0,0.0,320.0,0.0,53.0,39.0,1765.0
2022-08-17T18:30:00Z,11.9,NaN,0.0,0.0,264.0,0.0,63.0,13.0,1362.0
2022-08-22T18:30:00Z,13.3,NaN,0.0,0.0,42.0,0.0,140.0,22.0,1786.0
2022-08-30T22:15:00Z,15.4,NaN,0.0,0.0,65.0,0.0,52.0,0.0,620.0
2022-09-03T18:30:00Z,10.9,NaN,0.0,0.0,71.0,0.0,50.0,151.0,2857.0
2022-09-12T18:30:00Z,14.0,NaN,3.0,4.0,43.0,0.0,3.0,0.0,423.0
2022-09-19T19:00:00Z,13.1,NaN,0.0,0.0,46.0,0.0,8.0,13.0,3129.0
2022-09-23T18:55:00Z,14.1,NaN,0.0,0.0,197.0,0.0,51.0,10.0,2254.0
2022-09-26T17:50:00Z,15.0,NaN,0.0,0.0,53.0,0.0,6.0,4.0,997.0
2022-10-03T20:45:00Z,14.7,NaN,0.0,0.0,69.0,0.0,14.0,5.0,1500.0
2022-10-10T18:45:00Z,13.1,NaN,0.0,67.0,93.0,0.0,19.0,10.0,1269.0
2022-10-17T18:30:00Z,13.3,NaN,0.0,10.0,18.0,0.0,0.0,0.0,366.0
2022-10-24T18:20:00Z,11.5,NaN,12.0,0.0,12.0,0.0,9.0,0.0,1581.0
2022-10-31T19:40:00Z,11.7,NaN,16.0,20.0,2.0,0.0,8.0,22.0,2893.0
2022-10-31T22:50:00Z,12.0,NaN,0.0,9.0,2.0,0.0,2.0,3.0,267.0
2022-11-09T21:30:00Z,11.8,NaN,0.0,0.0,9.0,0.0,6.0,22.0,654.0
2022-11-14T19:40:00Z,11.2,NaN,0.0,3.0,13.0,0.0,0.0,12.0,723.0
2022-11-16T20:10:00Z,11.1,NaN,0.0,16.0,11.0,1.0,23.0,11.0,417.0
2022-11-21T18:30:00Z,10.6,NaN,0.0,0.0,2.0,0.0,3.0,5.0,805.0
2022-11-28T18:30:00Z,11.1,NaN,0.0,11.0,18.0,0.0,5.0,0.0,1649.0
2022-12-05T20:15:00Z,13.1,NaN,3.0,15.0,23.0,0.0,3.0,13.0,1180.0
2022-12-20T17:48:00Z,11.1,NaN,4.0,2.0,1.0,0.0,2.0,0.0,273.0
2022-12-22T19:45:00Z,11.4,NaN,578.0,45.0,98.0,0.0,8.0,94.0,13051.0
2022-12-19T19:00:00Z,10.1,NaN,4.0,0.0,7.0,0.0,0.0,0.0,6988.0
2023-01-03T20:15:00Z,10.8,NaN,5.0,0.0,11.0,0.0,0.0,0.0,2309.0
2023-01-09T23:15:00Z,12.2,NaN,5.0,0.0,5.0,0.0,0.0,0.0,1412.0
2023-01-16T20:30:00Z,12.4,NaN,1.0,0.0,1.0,0.0,0.0,0.0,445.0
2023-01-23T21:30:00Z,12.2,NaN,0.0,0.0,0.0,0.0,0.0,0.0,357.0
2023-01-25T21:23:00Z,12.4,NaN,0.0,0.0,0.0,0.0,1.0,0.0,117.0
2023-01-30T19:20:00Z,11.4,NaN,0.0,0.0,0.0,0.0,0.0,0.0,484.0
2023-02-06T20:00:00Z,11.8,NaN,0.0,0.0,4.0,0.0,11.0,0.0,781.0
2023-02-13T18:50:00Z,11.7,NaN,0.0,0.0,2.0,0.0,16.0,0.0,2402.0
2023-02-22T19:00:00Z,10.7,NaN,0.0,0.0,6.0,0.0,0.0,0.0,2020.0
2023-02-27T20:38:00Z,9.6,NaN,0.0,0.0,0.0,0.0,0.0,0.0,1375.0
2023-03-06T17:30:00Z,9.5,NaN,0.0,0.0,0.0,0.0,0.0,9.0,3950.0
2023-03-13T18:01:00Z,10.5,NaN,0.0,0.0,0.0,0.0,0.0,235.0,41124.0
2023-03-20T19:40:00Z,10.9,NaN,0.0,0.0,0.0,0.0,0.0,99.0,24365.0
2023-03-27T18:02:00Z,9.9,NaN,0.0,0.0,0.0,0.0,0.0,0.0,5745278.0
2023-03-31T18:05:00Z,11.4,NaN,0.0,0.0,0.0,0.0,0.0,29.0,1360.0
2023-04-03T18:20:00Z,10.2,NaN,0.0,0.0,0.0,0.0,0.0,3776.0,1461438.0
2023-04-10T19:18:00Z,11.7,NaN,0.0,0.0,0.0,0.0,0.0,1.0,2299.0
2023-04-17T17:35:00Z,8.8,NaN,0.0,0.0,0.0,0.0,0.0,0.0,756.0
2023-04-24T19:15:00Z,9.2,NaN,0.0,0.0,0.0,0.0,0.0,0.0,867.0
2023-04-27T18:35:00Z,NaN,NaN,0.0,0.0,0.0,0.0,0.0,0.0,17409.0
2023-05-01T19:30:00Z,9.7,NaN,0.0,0.0,0.0,0.0,0.0,0.0,211622.0
2023-05-08T18:00:00Z,13.0,NaN,0.0,0.0,0.0,0.0,0.0,0.0,1294567.0
2023-05-15T19:35:00Z,11.2,NaN,0.0,0.0,0.0,0.0,0.0,7.0,3500.0
2023-05-22T20:10:00Z,10.2,NaN,0.0,0.0,0.0,0.0,0.0,0.0,207.0
2023-05-26T20:57:00Z,NaN,NaN,0.0,0.0,149.0,0.0,0.0,744.0,125947.0
2023-05-30T20:10:00Z,13.9,NaN,0.0,0.0,0.0,0.0,0.0,0.0,107.0
2023-06-05T18:55:00Z,12.7,NaN,0.0,0.0,0.0,0.0,0.0,0.0,456.0
2023-06-06T21:10:00Z,NaN,NaN,0.0,0.0,0.0,0.0,0.0,563.0,130882.0
2023-06-12T20:27:00Z,14.3,NaN,0.0,0.0,21.0,0.0,0.0,7.0,284.0
2023-06-20T19:22:00Z,10.7,NaN,0.0,0.0,0.0,0.0,0.0,0.0,819.0
2023-06-26T20:02:00Z,12.7,NaN,0.0,0.0,0.0,0.0,0.0,3.0,5341.0
2023-07-03T19:23:20Z,13.3,NaN,0.0,0.0,0.0,0.0,0.0,0.0,376.0
2023-07-10T19:31:00Z,10.6,NaN,0.0,0.0,0.0,0.0,0.0,0.0,878.0
2023-07-17T18:51:00Z,12.4,NaN,0.0,0.0,20.0,0.0,0.0,0.0,709.0
2023-07-24T18:49:00Z,10.9,NaN,0.0,0.0,0.0,0.0,0.0,0.0,652.0
2023-07-31T21:23:00Z,11.8,NaN,0.0,0.0,14.0,0.0,0.0,74.0,568.0
2023-08-01T17:39:00Z,11.5,NaN,0.0,0.0,37.0,0.0,0.0,3478.0,21764.0
2023-08-07T18:35:00Z,10.8,NaN,0.0,0.0,0.0,0.0,0.0,57.0,1927.0
2023-08-16T19:50:00Z,15.7,NaN,0.0,0.0,325.0,0.0,0.0,0.0,1756.0
2023-08-17T19:30:00Z,NaN,NaN,0.0,104.0,499.0,0.0,0.0,0.0,3116.0
2023-08-21T19:02:00Z,16.2,NaN,0.0,0.0,1896.0,0.0,0.0,0.0,3420.0
2023-08-28T19:01:00Z,13.2,NaN,0.0,0.0,0.0,0.0,0.0,0.0,299.0
2023-09-05T19:06:00Z,13.7,NaN,0.0,0.0,2.0,0.0,0.0,5.0,65.0
2023-09-08T19:30:00Z,15.4,NaN,111.0,0.0,1313.0,0.0,0.0,0.0,18297.0
2023-09-11T19:00:00Z,13.3,NaN,0.0,0.0,3.0,0.0,0.0,0.0,931.0
2023-09-18T19:01:00Z,15.8,NaN,0.0,0.0,61.0,0.0,45.0,29.0,3686.0
2023-09-25T21:38:00Z,16.1,NaN,1102.0,0.0,54.0,0.0,0.0,11.0,3393.0
2023-10-02T19:50:00Z,13.0,NaN,38.0,0.0,16.0,0.0,0.0,0.0,1054.0
2023-10-05T21:32:00Z,15.1,NaN,1443.0,0.0,15.0,0.0,0.0,0.0,2498.0
2023-10-09T18:37:00Z,15.3,NaN,5.0,0.0,30.0,0.0,0.0,0.0,576.0
2023-10-16T17:45:00Z,14.5,NaN,959.0,0.0,69.0,0.0,0.0,0.0,2695.0
2023-10-23T19:02:00Z,14.9,NaN,27.0,0.0,103.0,0.0,0.0,0.0,2741.0
2023-10-30T16:35:00Z,12.4,NaN,0.0,0.0,18.0,0.0,0.0,0.0,366.0
2023-11-06T17:50:00Z,14.0,NaN,0.0,0.0,72.0,0.0,58.0,130.0,1411.0
2023-11-13T22:15:00Z,14.9,NaN,2.0,45.0,37.0,0.0,0.0,6.0,1619.0
2023-11-20T19:26:00Z,13.7,NaN,0.0,41.0,75.0,0.0,0.0,7.0,919.0
2023-11-27T22:08:00Z,13.7,NaN,0.0,348.0,116.0,0.0,0.0,0.0,2342.0
2023-11-29T23:42:00Z,NaN,NaN,0.0,51.0,33.0,0.0,0.0,18.0,963.0
2023-12-04T18:50:00Z,13.7,NaN,0.0,11.0,0.0,0.0,0.0,19.0,1368.0
2023-12-11T21:52:00Z,13.4,NaN,0.0,5.0,17.0,0.0,0.0,14.0,981.0
2024-01-02T18:23:00Z,13.9,NaN,0.0,0.0,8.0,0.0,0.0,6.0,457.0
2024-01-08T21:18:00Z,13.0,NaN,0.0,0.0,0.0,0.0,0.0,0.0,925.0
2024-01-16T17:55:00Z,11.8,NaN,0.0,0.0,0.0,0.0,0.0,0.0,664.0
2024-01-22T21:05:00Z,12.7,NaN,0.0,0.0,0.0,0.0,0.0,0.0,387.0
2024-01-29T23:06:00Z,13.4,NaN,0.0,0.0,0.0,0.0,0.0,0.0,331.0
2024-01-29T22:08:00Z,13.3,NaN,0.0,0.0,0.0,0.0,0.0,0.0,391.0
2024-02-05T20:58:00Z,13.5,NaN,0.0,0.0,0.0,0.0,0.0,0.0,600.0
2024-02-12T17:33:00Z,13.2,NaN,0.0,0.0,0.0,0.0,0.0,6.0,610.0
2024-02-21T22:00:00Z,13.8,NaN,0.0,0.0,7.0,0.0,14.0,96.0,1577.0
2024-02-26T18:24:00Z,13.7,NaN,0.0,0.0,4.0,0.0,7.0,75.0,18.0
2024-03-04T20:30:00Z,13.3,NaN,0.0,0.0,0.0,0.0,0.0,38.0,8877.0
2024-03-11T16:50:00Z,13.0,NaN,0.0,0.0,0.0,0.0,24.0,67.0,5397.0
2024-03-18T19:00:00Z,12.7,NaN,0.0,0.0,0.0,0.0,0.0,135.0,4025.0
2024-03-18T19:59:00Z,12.7,NaN,0.0,0.0,0.0,0.0,208.0,737.0,58912.0
2024-03-25T16:35:00Z,10.9,NaN,0.0,0.0,0.0,0.0,0.0,398.0,112857.0
2024-04-01T18:03:00Z,12.3,NaN,0.0,0.0,0.0,0.0,109.0,149.0,10631.0
2024-04-08T16:45:00Z,10.0,NaN,0.0,0.0,0.0,0.0,0.0,0.0,4825.0
2024-04-15T19:37:00Z,11.7,NaN,0.0,0.0,7.0,0.0,0.0,331.0,3489.0
2024-04-22T20:24:00Z,13.2,NaN,0.0,0.0,4.0,0.0,0.0,0.0,1305.0
2024-04-29T18:50:00Z,13.2,NaN,0.0,0.0,0.0,0.0,0.0,0.0,3627.0
2024-05-06T19:35:00Z,10.2,NaN,0.0,0.0,0.0,0.0,0.0,0.0,513.0
2024-05-13T20:04:00Z,12.0,NaN,0.0,0.0,0.0,0.0,118.0,789.0,54353.0
2024-05-16T18:30:00Z,NaN,NaN,0.0,0.0,0.0,0.0,541.0,691.0,68031.0
2024-05-20T18:35:00Z,11.5,NaN,0.0,0.0,0.0,0.0,0.0,209.0,5711.0
2024-05-28T21:13:00Z,11.0,NaN,0.0,0.0,0.0,0.0,0.0,0.0,9477.0
2024-06-03T21:01:00Z,9.6,NaN,0.0,0.0,0.0,0.0,0.0,0.0,961.0
2024-06-10T21:04:00Z,10.8,NaN,0.0,0.0,0.0,0.0,0.0,26.0,3669.0
2024-06-17T19:02:00Z,9.7,NaN,0.0,0.0,0.0,0.0,0.0,0.0,1123.0
2024-06-24T19:05:00Z,11.1,NaN,0.0,0.0,0.0,0.0,0.0,1076.0,72973.0
2024-07-01T19:03:00Z,9.6,NaN,0.0,0.0,0.0,0.0,0.0,67.0,9493.0
2024-07-08T19:47:00Z,14.9,NaN,0.0,0.0,3.0,0.0,16.0,0.0,2005.0
2024-07-15T20:19:00Z,16.2,NaN,0.0,688.0,42.0,0.0,65.0,0.0,4342.0
2024-07-25T19:18:00Z,13.9,NaN,0.0,1800.0,59.0,0.0,519.0,585.0,10274.0
2024-07-29T19:44:00Z,11.3,NaN,0.0,0.0,0.0,0.0,194.0,26.0,5172.0
2024-08-05T18:37:00Z,10.1,NaN,0.0,0.0,0.0,0.0,43.0,17.0,1565.0
2024-08-12T18:22:00Z,10.4,NaN,0.0,0.0,4.0,0.0,358.0,201.0,2615.0
2024-08-19T21:37:00Z,12.4,NaN,0.0,19.0,0.0,0.0,12150.0,26.0,15795.0
2024-08-27T19:33:00Z,13.3,NaN,0.0,15.0,0.0,0.0,18038.0,0.0,19065.0
2024-08-28T21:26:00Z,14.9,NaN,0.0,304.0,64.0,32.0,33863.0,0.0,36107.0
2024-09-03T18:12:00Z,14.4,NaN,0.0,647.0,69.0,0.0,164.0,0.0,1458.0
2024-09-09T18:54:00Z,12.1,NaN,0.0,34.0,0.0,0.0,523.0,0.0,957.0
2024-09-16T17:56:00Z,10.3,NaN,0.0,0.0,0.0,0.0,612.0,0.0,1817.0
2024-09-23T17:45:00Z,13.5,NaN,0.0,0.0,0.0,0.0,0.0,0.0,765.0
2024-09-30T16:20:00Z,NaN,NaN,0.0,162.0,42.0,0.0,0.0,0.0,13726.0
2024-09-30T20:14:00Z,15.0,NaN,0.0,1119.0,365.0,0.0,0.0,0.0,29243.0
2024-10-07T18:05:00Z,14.3,NaN,0.0,0.0,60.0,0.0,0.0,0.0,3593.0
2024-10-14T19:35:00Z,13.3,NaN,0.0,0.0,28.0,0.0,3.0,5.0,1703.0
2024-10-21T17:36:00Z,12.5,NaN,0.0,14.0,0.0,0.0,0.0,0.0,3397.0
2024-10-21T19:45:00Z,12.5,NaN,0.0,5983.0,187.0,0.0,561.0,1683.0,41508.0
2024-10-28T18:30:00Z,12.9,NaN,0.0,0.0,841.0,0.0,280.0,561.0,202771.0
2024-10-28T18:40:00Z,12.9,NaN,0.0,0.0,24.0,0.0,73.0,122.0,21911.0
2024-11-04T22:45:00Z,12.0,NaN,0.0,0.0,107.0,0.0,0.0,160.0,29542.0
2024-11-04T22:55:00Z,12.0,NaN,0.0,4.0,8.0,0.0,0.0,0.0,2050.0
2024-11-11T19:20:00Z,11.5,NaN,0.0,0.0,0.0,0.0,168.0,0.0,32837.0
2024-11-18T22:42:00Z,11.3,NaN,0.0,0.0,0.0,0.0,0.0,5.0,4497.0
2024-11-25T19:41:00Z,12.6,NaN,0.0,0.0,5.0,0.0,0.0,0.0,215.0
2024-12-09T21:15:00Z,12.1,NaN,0.0,0.0,0.0,0.0,26.0,0.0,1143.0
2024-12-17T22:45:00Z,12.4,NaN,0.0,5.0,0.0,0.0,0.0,0.0,213170.0
2024-12-26T19:53:00Z,12.3,NaN,0.0,0.0,38.0,0.0,0.0,0.0,5037.0
2024-12-30T21:15:00Z,12.6,NaN,0.0,0.0,91.0,0.0,0.0,0.0,12892.0
2025-01-06T19:29:00Z,12.4,NaN,0.0,0.0,89.0,0.0,0.0,0.0,38533.0
2025-01-13T20:51:00Z,11.8,NaN,0.0,0.0,12.0,0.0,0.0,0.0,1094.0
2025-01-17T19:48:00Z,11.8,NaN,0.0,0.0,97.0,0.0,0.0,58.0,27731.0
2025-01-21T22:13:00Z,12.0,NaN,0.0,0.0,0.0,0.0,0.0,0.0,1880.0
2025-01-29T21:40:00Z,11.7,NaN,0.0,0.0,0.0,0.0,0.0,0.0,1257.0
2025-02-03T19:49:00Z,12.1,NaN,0.0,0.0,28.0,0.0,0.0,0.0,4949.0
2025-02-11T20:52:00Z,11.2,NaN,0.0,0.0,0.0,0.0,0.0,0.0,364.0
2025-02-18T19:30:00Z,11.5,NaN,0.0,0.0,0.0,0.0,0.0,0.0,328.0
2025-02-21T19:25:00Z,NaN,NaN,0.0,0.0,0.0,0.0,0.0,0.0,463.0
2025-02-24T20:24:00Z,12.0,NaN,0.0,0.0,0.0,0.0,0.0,0.0,481.0
2025-03-03T19:04:00Z,10.6,NaN,0.0,0.0,0.0,0.0,0.0,0.0,574.0
2025-03-10T19:03:00Z,10.7,NaN,0.0,0.0,0.0,0.0,0.0,0.0,3616.0
2025-03-17T18:12:00Z,11.5,NaN,0.0,0.0,0.0,0.0,21.0,0.0,1374.0
2025-03-19T18:25:00Z,11.0,NaN,0.0,0.0,6.0,0.0,929.0,112.0,11711.0
2025-03-24T19:02:00Z,10.9,NaN,0.0,0.0,0.0,0.0,0.0,0.0,877.0
2025-03-31T18:37:00Z,12.4,NaN,0.0,0.0,0.0,0.0,105.0,512.0,8366.0
2025-04-07T18:42:00Z,11.6,NaN,0.0,0.0,0.0,0.0,7.0,33.0,1600.0
2025-04-14T18:40:00Z,10.6,NaN,0.0,0.0,0.0,0.0,13.0,39.0,1733.0
2025-04-21T18:55:00Z,12.5,NaN,0.0,0.0,0.0,0.0,13.0,54.0,920.0
2025-04-28T19:51:00Z,10.5,NaN,0.0,0.0,0.0,0.0,0.0,10.0,357.0
2025-05-05T18:56:00Z,10.1,NaN,0.0,0.0,0.0,0.0,0.0,10.0,839.0
2025-05-13T19:44:00Z,10.0,NaN,0.0,0.0,0.0,0.0,0.0,0.0,2656.0
2025-05-19T19:46:00Z,10.6,NaN,0.0,0.0,0.0,0.0,0.0,0.0,224.0
2025-05-27T20:41:00Z,10.0,NaN,0.0,0.0,0.0,0.0,0.0,0.0,208.0
2025-06-02T19:05:00Z,10.8,NaN,0.0,0.0,0.0,0.0,0.0,2.0,304.0
2025-06-09T18:16:00Z,13.4,NaN,0.0,0.0,0.0,0.0,0.0,1.0,80.0
2025-06-17T18:55:00Z,10.5,NaN,0.0,0.0,0.0,0.0,0.0,0.0,2073.0
2025-06-23T20:11:00Z,9.9,NaN,0.0,0.0,0.0,0.0,0.0,0.0,2353.0
2025-06-30T18:35:00Z,11.5,NaN,0.0,0.0,0.0,0.0,0.0,0.0,3126.0
2025-07-07T18:15:00Z,11.2,NaN,0.0,0.0,0.0,0.0,37.0,17.0,1442.0
2025-07-14T18:24:00Z,14.1,NaN,0.0,0.0,0.0,0.0,117.0,136.0,1200.0
2025-07-21T19:38:00Z,12.0,NaN,0.0,0.0,15.0,0.0,3.0,3.0,307.0
2025-07-25T18:27:00Z,14.7,NaN,22.0,14.0,79.0,0.0,0.0,0.0,1154.0
2025-07-28T18:37:00Z,13.7,NaN,0.0,0.0,0.0,0.0,0.0,0.0,1530.0
2025-08-06T18:09:00Z,11.1,NaN,0.0,0.0,0.0,0.0,0.0,0.0,8125.0
2025-08-11T20:03:00Z,13.8,NaN,0.0,44.0,0.0,0.0,25.0,0.0,2484.0
2025-08-21T17:55:00Z,11.4,NaN,0.0,0.0,0.0,0.0,0.0,0.0,5853.0
2025-08-25T19:15:00Z,13.0,NaN,0.0,81.0,6.0,0.0,0.0,0.0,800.0
2025-09-08T18:20:00Z,15.3,NaN,0.0,47.0,25.0,0.0,144.0,42.0,2102.0
2025-09-15T19:13:00Z,13.5,NaN,0.0,20.0,3.0,0.0,7.0,3.0,322.0
2025-09-22T19:33:00Z,14.7,NaN,0.0,42.0,16.0,0.0,69.0,4.0,854.0
2025-09-29T17:50:00Z,NaN,NaN,6.0,0.0,12.0,0.0,22.0,9.0,365.0
2025-09-29T19:54:00Z,16.2,NaN,0.0,17.0,66.0,0.0,0.0,0.0,1121.0
2025-10-06T21:22:00Z,15.5,NaN,0.0,92.0,95.0,0.0,0.0,11.0,476.0
2025-10-14T21:13:00Z,16.0,NaN,79.0,125.0,306.0,0.0,0.0,0.0,10269.0
2025-10-20T19:28:00Z,17.4,NaN,11.0,56.0,26.0,0.0,0.0,0.0,1751.0
2025-10-27T19:08:00Z,NaN,NaN,1.0,0.0,14.0,0.0,0.0,0.0,468.0
2025-10-29T18:28:00Z,NaN,NaN,0.0,291.0,83.0,0.0,0.0,0.0,6482.0
2025-11-03T21:29:00Z,NaN,NaN,0.0,22.0,11.0,0.0,0.0,0.0,521.0
2025-11-12T18:55:00Z,NaN,NaN,0.0,706.0,781.0,0.0,0.0,0.0,9183.0
2025-11-18T19:26:00Z,15.0,NaN,0.0,0.0,45.0,0.0,0.0,10.0,1664.0
2025-11-24T21:15:00Z,15.1,NaN,0.0,0.0,148.0,0.0,0.0,15.0,15654.0
2025-12-03T22:33:00Z,15.0,NaN,2.0,0.0,25.0,0.0,0.0,6.0,864.0
2025-12-12T19:15:00Z,14.0,NaN,0.0,0.0,33.0,0.0,4.0,41.0,574.0
2025-12-15T21:26:00Z,15.0,NaN,0.0,0.0,3.0,0.0,0.0,0.0,244.0
2025-12-22T21:31:00Z,15.0,NaN,0.0,0.0,24.0,0.0,0.0,32.0,424.0
2025-12-29T20:10:00Z,15.0,NaN,0.0,0.0,0.0,0.0,22.0,2.0,198.0
2025-12-29T20:19:00Z,NaN,NaN,0.0,0.0,0.0,0.0,26.0,16.0,208.0
2026-01-06T21:47:00Z,15.0,NaN,0.0,0.0,0.0,0.0,0.0,0.0,348.0
2026-01-13T18:16:00Z,15.0,NaN,0.0,0.0,0.0,0.0,0.0,0.0,499.0
2026-01-22T17:35:00Z,13.2,NaN,0.0,0.0,92.0,0.0,22.0,11.0,739.0
2026-01-28T19:25:00Z,NaN,NaN,0.0,0.0,0.0,0.0,775.0,2324.0,236253.0
2026-01-28T19:28:00Z,13.3,NaN,0.0,0.0,75.0,0.0,0.0,100.0,749.0
2026-02-02T23:15:00Z,13.9,NaN,18.0,0.0,72.0,0.0,18.0,45.0,1160.0
2026-02-09T22:08:00Z,14.0,NaN,0.0,0.0,6.0,0.0,11.0,23.0,881.0
2026-02-18T22:37:00Z,13.7,NaN,0.0,0.0,3.0,0.0,0.0,14.0,254.0
2026-02-23T20:13:00Z,13.4,NaN,0.0,0.0,0.0,0.0,16.0,0.0,1851.0
2026-03-02T22:15:00Z,15.0,NaN,0.0,0.0,46.0,0.0,0.0,0.0,396.0
2026-03-09T20:31:00Z,12.0,NaN,0.0,0.0,7.0,0.0,0.0,0.0,1435.0
2026-03-16T21:05:00Z,11.7,NaN,0.0,0.0,0.0,0.0,8.0,0.0,424.0
2026-03-23T19:15:00Z,10.7,NaN,0.0,0.0,0.0,0.0,422.0,111.0,22083.0
2026-04-02T17:45:00Z,13.0,NaN,0.0,0.0,10.0,0.0,52.0,41.0,3126.0
2026-04-06T19:26:00Z,14.0,NaN,0.0,0.0,0.0,0.0,20.0,0.0,1175.0
2026-04-13T19:09:00Z,14.3,NaN,0.0,0.0,0.0,0.0,0.0,0.0,240.0
